first_name,last_name,email
Tripp,Legan,tlegan0@google.com.hk
Lisha,Spreckley,lspreckley1@jalbum.net
Kali,Crut,kcrut2@desdev.cn
Trish,Kerry,tkerry3@lulu.com
Moria,Mation,mmation4@alexa.com
Silvan,Decourt,sdecourt5@blogger.com
Lesley,Bridat,lbridat6@mapy.cz
Aaron,Jarrelt,ajarrelt7@senate.gov
Ted,Liddel,tliddel8@omniture.com
Letty,Matysiak,lmatysiak9@symantec.com
Alaric,Alfonzo,aalfonzoa@domainmarket.com
Feodor,Penswick,fpenswickb@so-net.ne.jp
Jaquelin,Houchen,jhouchenc@live.com
Neall,Signoret,nsignoretd@theglobeandmail.com
Yule,Kobierski,ykobierskie@symantec.com
Bail,Cardello,bcardellof@friendfeed.com
Cecilla,Bruckent,cbruckentg@nhs.uk
Pryce,Erat,perath@apple.com
Guy,Devennie,gdevenniei@google.com
Daisi,Burehill,dburehillj@rambler.ru
Aksel,Klyn,aklynk@bizjournals.com
Vernen,Murname,vmurnamel@theguardian.com
Kerby,Swaffield,kswaffieldm@businessweek.com
Rockie,Esel,reseln@virginia.edu
Nertie,Jacobsson,njacobssono@digg.com
Karole,Couttes,kcouttesp@epa.gov
Carmina,Aucott,caucottq@berkeley.edu
Adlai,Molfino,amolfinor@gnu.org
Ewan,Dahlgren,edahlgrens@bloglovin.com
Val,Le Monnier,vlemonniert@printfriendly.com
Van,Codd,vcoddu@com.com
Odette,Tackley,otackleyv@yellowbook.com
Vikki,Gopsell,vgopsellw@blogger.com
Tobin,Norsworthy,tnorsworthyx@technorati.com
Kyla,Meriott,kmeriotty@scribd.com
Isador,Bosse,ibossez@home.pl
Lamond,Blount,lblount10@amazon.co.uk
Cary,Reilingen,creilingen11@ifeng.com
Carmine,McTeer,cmcteer12@go.com
Elita,de Zamora,edezamora13@youtube.com
Daria,Boatman,dboatman14@youtube.com
Benn,Fraczkiewicz,bfraczkiewicz15@zimbio.com
Bronnie,Jenking,bjenking16@tiny.cc
Goldia,Odgaard,godgaard17@admin.ch
Weston,Sugden,wsugden18@gravatar.com
Gabbie,Rosenstein,grosenstein19@auda.org.au
Adolph,Loude,aloude1a@is.gd
Eleni,Weeks,eweeks1b@fotki.com
Liesa,Flemmich,lflemmich1c@oracle.com
Morissa,Applewhaite,mapplewhaite1d@sun.com
Susie,Calfe,scalfe1e@cpanel.net
Leandra,Leupoldt,lleupoldt1f@scribd.com
Caryn,Hugett,chugett1g@theguardian.com
Storm,Tasseler,stasseler1h@cdbaby.com
Trudie,Buswell,tbuswell1i@cafepress.com
Nolan,Newby,nnewby1j@ycombinator.com
Sigrid,Denison,sdenison1k@tinyurl.com
Pinchas,Torra,ptorra1l@noaa.gov
Pierrette,Janson,pjanson1m@meetup.com
Seth,Emma,semma1n@psu.edu
Carmelita,Maddrah,cmaddrah1o@reference.com
Dorothea,Lody,dlody1p@de.vu
Nikkie,Scathard,nscathard1q@cocolog-nifty.com
Jamima,Banbrigge,jbanbrigge1r@newsvine.com
Glenn,Munton,gmunton1s@ca.gov
Charmain,Scardifield,cscardifield1t@etsy.com
Zach,Coveney,zcoveney1u@storify.com
Joann,Van Arsdall,jvanarsdall1v@phoca.cz
Ansel,Patise,apatise1w@goo.ne.jp
Agretha,Toffoloni,atoffoloni1x@github.com
Enrique,Veryard,everyard1y@livejournal.com
Marika,Jeffcock,mjeffcock1z@mozilla.com
Chrystal,Gorman,cgorman20@digg.com
Calley,Ellif,cellif21@plala.or.jp
Kinny,Cortes,kcortes22@posterous.com
Crawford,Helm,chelm23@free.fr
Selby,MacTrustrie,smactrustrie24@google.com
Micki,Huguenet,mhuguenet25@timesonline.co.uk
Tarrah,Khalid,tkhalid26@tmall.com
Krispin,Lemmens,klemmens27@mit.edu
Gradey,O'Scully,goscully28@japanpost.jp
Karrah,Mowne,kmowne29@elpais.com
Ennis,Soall,esoall2a@cafepress.com
Freemon,Roisen,froisen2b@merriam-webster.com
Wain,McMylor,wmcmylor2c@cloudflare.com
Barnebas,Ockendon,bockendon2d@blogspot.com
Arnaldo,Izhakov,aizhakov2e@oaic.gov.au
Myrlene,Moysey,mmoysey2f@salon.com
Dudley,Lantry,dlantry2g@cnbc.com
Morton,Willstrop,mwillstrop2h@delicious.com
Hali,Quinn,hquinn2i@paypal.com
Laurent,Hannent,lhannent2j@mac.com
Warner,Tregidgo,wtregidgo2k@blogs.com
Hardy,Brazear,hbrazear2l@cdbaby.com
Larine,Cuell,lcuell2m@phpbb.com
Idette,Harberer,iharberer2n@ow.ly
Sherri,Kuban,skuban2o@xing.com
Astrix,Gantzer,agantzer2p@columbia.edu
Darill,Mitroshinov,dmitroshinov2q@jimdo.com
Garrard,Dovington,gdovington2r@techcrunch.com
Melvin,Haig,mhaig2s@fc2.com
Gilly,Winckles,gwinckles2t@google.de
Phineas,Pounder,ppounder2u@uiuc.edu
Audy,Burge,aburge2v@yellowbook.com
Milt,Manchester,mmanchester2w@samsung.com
Tibold,Cheshir,tcheshir2x@about.me
Bernette,Burth,bburth2y@chicagotribune.com
Charlton,Boatman,cboatman2z@dropbox.com
Jean,Rohan,jrohan30@etsy.com
Amity,Sorsby,asorsby31@addthis.com
Martguerita,Overington,moverington32@so-net.ne.jp
Tannie,Sones,tsones33@prnewswire.com
Prescott,Stoeckle,pstoeckle34@geocities.com
Jasun,Wishart,jwishart35@xinhuanet.com
Dolf,Govinlock,dgovinlock36@cbsnews.com
Rusty,ducarme,rducarme37@goo.ne.jp
Adolphe,Costerd,acosterd38@blog.com
Giraldo,Toseland,gtoseland39@walmart.com
Lucio,Solly,lsolly3a@nhs.uk
Modestia,Mouncher,mmouncher3b@census.gov
Vicki,French,vfrench3c@theguardian.com
Selene,Duchart,sduchart3d@deliciousdays.com
Christan,Wheowall,cwheowall3e@pinterest.com
Hagen,Whatling,hwhatling3f@google.es
Cy,Curzey,ccurzey3g@paypal.com
Rosa,Robins,rrobins3h@liveinternet.ru
Atlanta,Cadagan,acadagan3i@state.tx.us
Bennie,Brockley,bbrockley3j@yandex.ru
Christean,Sargood,csargood3k@ovh.net
Wanids,Deek,wdeek3l@oakley.com
Winnifred,Bricksey,wbricksey3m@npr.org
Patrice,Stapleton,pstapleton3n@t-online.de
Harlin,Pengelley,hpengelley3o@nba.com
Rubi,Speck,rspeck3p@cafepress.com
Valencia,Jaszczak,vjaszczak3q@ted.com
Gretta,Gradly,ggradly3r@shareasale.com
Jessamine,Quennell,jquennell3s@jimdo.com
Armstrong,Marzella,amarzella3t@lulu.com
Hobey,Atherton,hatherton3u@goodreads.com
Barri,Polkinghorne,bpolkinghorne3v@blog.com
Franz,Forseith,fforseith3w@nsw.gov.au
Jacques,Dunn,jdunn3x@1und1.de
Idell,Asmus,iasmus3y@altervista.org
Joann,Salack,jsalack3z@un.org
Rani,Duigenan,rduigenan40@yellowbook.com
Nikolia,Wayne,nwayne41@hc360.com
Brianne,Bascomb,bbascomb42@imgur.com
Ganny,Janousek,gjanousek43@pagesperso-orange.fr
Cybil,Leechman,cleechman44@hhs.gov
Levey,Skirrow,lskirrow45@webeden.co.uk
Winthrop,Blindt,wblindt46@moonfruit.com
Ophelia,Bolland,obolland47@yahoo.co.jp
Marylin,Bonelle,mbonelle48@statcounter.com
Twyla,Ellaman,tellaman49@huffingtonpost.com
Laurent,Lashmar,llashmar4a@examiner.com
Mable,Millwater,mmillwater4b@ovh.net
Kirby,Shah,kshah4c@lulu.com
Vivienne,Follett,vfollett4d@senate.gov
Asher,Cordelet,acordelet4e@merriam-webster.com
Sherilyn,Messum,smessum4f@discovery.com
Marylee,Morrallee,mmorrallee4g@nps.gov
Fidole,Cattlow,fcattlow4h@ebay.com
Delora,Coggen,dcoggen4i@abc.net.au
Leontyne,Yegorchenkov,lyegorchenkov4j@google.it
Winthrop,Sprigging,wsprigging4k@nps.gov
Lothario,Pimblotte,lpimblotte4l@upenn.edu
Sandro,Gottschalk,sgottschalk4m@altervista.org
Monika,Avramchik,mavramchik4n@foxnews.com
Wheeler,Franzoli,wfranzoli4o@patch.com
Rolland,Conlon,rconlon4p@phoca.cz
Jaquith,Ginnane,jginnane4q@spotify.com
Emiline,Reijmers,ereijmers4r@imgur.com
Lisle,Cornil,lcornil4s@privacy.gov.au
Corrinne,Wybourne,cwybourne4t@sun.com
Valina,Scourge,vscourge4u@bluehost.com
Yasmeen,Jobin,yjobin4v@reddit.com
Grant,Saura,gsaura4w@walmart.com
Kinny,Rangall,krangall4x@mtv.com
Carter,Synnot,csynnot4y@ebay.co.uk
Norean,Grouer,ngrouer4z@goo.ne.jp
Mycah,Trineman,mtrineman50@lulu.com
Pier,Malster,pmalster51@guardian.co.uk
Viki,Jenkinson,vjenkinson52@usa.gov
Delphinia,Maudett,dmaudett53@springer.com
Wilburt,Fenners,wfenners54@cnet.com
Tremain,Aluard,taluard55@hhs.gov
Ainslie,Lidell,alidell56@mapquest.com
Aime,Dettmar,adettmar57@mozilla.com
Hart,Paquet,hpaquet58@wordpress.com
Elise,Giorgiutti,egiorgiutti59@goo.ne.jp
Yard,Davenall,ydavenall5a@topsy.com
Irina,Strauss,istrauss5b@ow.ly
Seymour,Quibell,squibell5c@examiner.com
Jerome,Cardozo,jcardozo5d@altervista.org
Cassey,Bayston,cbayston5e@moonfruit.com
Mort,Layhe,mlayhe5f@scientificamerican.com
Tobie,Pickwell,tpickwell5g@washingtonpost.com
Dennison,Ciani,dciani5h@hatena.ne.jp
Ardeen,Mattheus,amattheus5i@prweb.com
Clementina,Dunkerk,cdunkerk5j@uol.com.br
Stacy,Christophersen,schristophersen5k@cdbaby.com
Delilah,McPeeters,dmcpeeters5l@bbb.org
Ambrose,Dixcee,adixcee5m@etsy.com
Griff,Hover,ghover5n@fema.gov
Carlen,Southers,csouthers5o@weather.com
Wat,Lilley,wlilley5p@csmonitor.com
Amandie,Powton,apowton5q@hugedomains.com
Susanne,Gorham,sgorham5r@livejournal.com
Maddy,Digan,mdigan5s@mozilla.com
Renaldo,Darrigoe,rdarrigoe5t@livejournal.com
Curtis,Campana,ccampana5u@ca.gov
Gillie,Antoons,gantoons5v@soundcloud.com
Bordy,Loncaster,bloncaster5w@noaa.gov
Efren,Cawdery,ecawdery5x@ycombinator.com
Randi,Petruszka,rpetruszka5y@omniture.com
Taddeusz,Kop,tkop5z@deviantart.com
Carlye,Nurse,cnurse60@bbb.org
Olive,Fehner,ofehner61@biglobe.ne.jp
Nonna,Tidcombe,ntidcombe62@tamu.edu
Hadley,Goodbanne,hgoodbanne63@imgur.com
Clementius,Kantor,ckantor64@51.la
Berthe,MacDermot,bmacdermot65@whitehouse.gov
Merrel,Gravener,mgravener66@unicef.org
Kelbee,Duker,kduker67@deviantart.com
Terza,Hampton,thampton68@huffingtonpost.com
Arni,Phalip,aphalip69@irs.gov
Barbe,Rykert,brykert6a@pen.io
Jordain,Servis,jservis6b@army.mil
Rogerio,Standingford,rstandingford6c@sphinn.com
Pepi,Pregel,ppregel6d@purevolume.com
Chrisse,Wallentin,cwallentin6e@thetimes.co.uk
Daniel,Dugdale,ddugdale6f@prweb.com
Harland,Barnett,hbarnett6g@pinterest.com
Lucila,Prendeguest,lprendeguest6h@oakley.com
Ambrosio,Sibley,asibley6i@china.com.cn
Fianna,Chuney,fchuney6j@vimeo.com
Quint,Wissby,qwissby6k@imgur.com
Krisha,Epsly,kepsly6l@mediafire.com
Charin,Turnpenny,cturnpenny6m@arstechnica.com
Tobe,Killough,tkillough6n@comcast.net
Honoria,Southey,hsouthey6o@ca.gov
Mallory,Shearsby,mshearsby6p@elegantthemes.com
Allyn,Stott,astott6q@xrea.com
Harbert,Petruszka,hpetruszka6r@jalbum.net
Broddie,Marcinkus,bmarcinkus6s@ucla.edu
Ashley,Guillou,aguillou6t@ameblo.jp
Lorrie,Le - Count,llecount6u@goodreads.com
Wayland,Elsop,welsop6v@github.io
Austina,Bussell,abussell6w@biglobe.ne.jp
Alick,Grandin,agrandin6x@tripadvisor.com
Erastus,Luppitt,eluppitt6y@list-manage.com
Lorry,Coatham,lcoatham6z@naver.com
Margaux,Essel,messel70@mtv.com
Abbot,Glandon,aglandon71@macromedia.com
Malia,Fierman,mfierman72@ycombinator.com
Caz,Canet,ccanet73@topsy.com
Evin,Beaufoy,ebeaufoy74@liveinternet.ru
Brittani,Ullock,bullock75@ed.gov
Cody,Carl,ccarl76@elegantthemes.com
Ulises,Harvett,uharvett77@washingtonpost.com
Kyrstin,Aspall,kaspall78@nyu.edu
Cherri,Myers,cmyers79@tumblr.com
Katine,Colbertson,kcolbertson7a@redcross.org
Brendin,Wadman,bwadman7b@redcross.org
Dorena,Pyke,dpyke7c@creativecommons.org
Benton,Jedrzejewicz,bjedrzejewicz7d@ning.com
Ken,Coker,kcoker7e@eepurl.com
Jenelle,De Roos,jderoos7f@t.co
Martino,Wenden,mwenden7g@ow.ly
Jacquelynn,Underdown,junderdown7h@moonfruit.com
Roshelle,Coulter,rcoulter7i@unblog.fr
Alta,Titt,atitt7j@list-manage.com
Sheffy,Dight,sdight7k@tumblr.com
Christian,Lantaph,clantaph7l@friendfeed.com
Jaymee,Routley,jroutley7m@yellowbook.com
Joscelin,Robertazzi,jrobertazzi7n@a8.net
Alexandro,Gullane,agullane7o@arizona.edu
Curry,Szymczyk,cszymczyk7p@taobao.com
Michal,Gentiry,mgentiry7q@senate.gov
Raffaello,Pargeter,rpargeter7r@admin.ch
Sheridan,Mohamed,smohamed7s@fda.gov
Marcello,Swannell,mswannell7t@barnesandnoble.com
Calypso,Tremblay,ctremblay7u@desdev.cn
Edward,Constantine,econstantine7v@latimes.com
Minnnie,Matczak,mmatczak7w@miibeian.gov.cn
Ashien,Steinhammer,asteinhammer7x@china.com.cn
Schuyler,Fritz,sfritz7y@studiopress.com
Romy,Denslow,rdenslow7z@smh.com.au
Mikael,Beaglehole,mbeaglehole80@archive.org
Berti,Von Salzberg,bvonsalzberg81@si.edu
Weider,Martine,wmartine82@rediff.com
Chariot,Hedau,chedau83@g.co
Kare,Scowcroft,kscowcroft84@exblog.jp
Lurlene,Hutcheon,lhutcheon85@cisco.com
Emelina,Drillingcourt,edrillingcourt86@woothemes.com
Marcus,Dunniom,mdunniom87@blogtalkradio.com
Adeline,MacGaughy,amacgaughy88@lulu.com
Sarita,Grass,sgrass89@amazonaws.com
Maxim,Gabey,mgabey8a@usnews.com
Nerti,Cottell,ncottell8b@is.gd
Elladine,Darch,edarch8c@mlb.com
Correy,Canniffe,ccanniffe8d@mit.edu
Lilith,Alexandersson,lalexandersson8e@yale.edu
Emmalee,Baynon,ebaynon8f@ucsd.edu
Bellanca,Le Grand,blegrand8g@wsj.com
Gussy,Charlwood,gcharlwood8h@domainmarket.com
Starr,Bucky,sbucky8i@odnoklassniki.ru
Arluene,Burlingame,aburlingame8j@reddit.com
Eugene,Pauleit,epauleit8k@berkeley.edu
Briano,Roddick,broddick8l@plala.or.jp
Jerry,Herrieven,jherrieven8m@goo.gl
Grethel,Kubach,gkubach8n@parallels.com
Terry,Tankard,ttankard8o@live.com
Englebert,Imlach,eimlach8p@goodreads.com
Free,Livett,flivett8q@qq.com
Percy,Kinker,pkinker8r@unc.edu
Carolan,Siddall,csiddall8s@chicagotribune.com
Glenda,Quarmby,gquarmby8t@sakura.ne.jp
Tanny,Bompass,tbompass8u@pinterest.com
Lovell,Berrey,lberrey8v@ifeng.com
Elora,Parsell,eparsell8w@bloglovin.com
Bell,Eberdt,beberdt8x@mysql.com
Laurene,Slowey,lslowey8y@weebly.com
Vania,Wigin,vwigin8z@timesonline.co.uk
Laurie,Luscott,lluscott90@imageshack.us
Sarena,Garvie,sgarvie91@e-recht24.de
Kimberli,Brunesco,kbrunesco92@shutterfly.com
Melisse,Levensky,mlevensky93@xrea.com
Fifi,Orriss,forriss94@mit.edu
Gayel,Somerset,gsomerset95@tinypic.com
Halley,Ibberson,hibberson96@vkontakte.ru
Flory,Maddock,fmaddock97@linkedin.com
Nelly,O' Shea,noshea98@hhs.gov
Vi,Caush,vcaush99@unblog.fr
Joly,Marsham,jmarsham9a@sciencedirect.com
Bale,Lennard,blennard9b@dedecms.com
Salaidh,Simmgen,ssimmgen9c@sogou.com
Sashenka,Linnane,slinnane9d@yelp.com
Lily,Ambrosini,lambrosini9e@lycos.com
Emilia,Vergine,evergine9f@typepad.com
Stephanus,Grzeszczak,sgrzeszczak9g@dmoz.org
Anne-corinne,Lewton,alewton9h@pcworld.com
Eva,Escalero,eescalero9i@hugedomains.com
Brig,Ganter,bganter9j@unc.edu
Karna,Womack,kwomack9k@twitpic.com
Malchy,Laverty,mlaverty9l@feedburner.com
Corrine,Chese,cchese9m@sfgate.com
Etti,Oram,eoram9n@gizmodo.com
Gordon,Doman,gdoman9o@feedburner.com
Kipp,Christensen,kchristensen9p@phoca.cz
Brewer,Maffulli,bmaffulli9q@apple.com
Elane,Skayman,eskayman9r@shinystat.com
Jasmina,Goldspink,jgoldspink9s@4shared.com
Mariana,Doughtery,mdoughtery9t@amazon.de
Julia,McLane,jmclane9u@artisteer.com
Danna,Killiner,dkilliner9v@slate.com
Christean,Ovington,covington9w@adobe.com
Leoine,Keats,lkeats9x@t-online.de
Chadd,Chinnery,cchinnery9y@harvard.edu
Mahala,Farington,mfarington9z@feedburner.com
Ezekiel,Stain,estaina0@privacy.gov.au
Yoko,Hanvey,yhanveya1@ca.gov
Sollie,Hame,shamea2@theglobeandmail.com
Traci,De Gregorio,tdegregorioa3@shutterfly.com
Jermain,Prescott,jprescotta4@nsw.gov.au
Keenan,Hinkins,khinkinsa5@biblegateway.com
Wendye,Bancroft,wbancrofta6@creativecommons.org
Vivyan,Gillet,vgilleta7@parallels.com
Bryn,Currer,bcurrera8@google.it
Mathilde,Kightly,mkightlya9@bandcamp.com
Huey,Isted,histedaa@apache.org
Dayna,Disbrow,ddisbrowab@vk.com
Korey,Forsyth,kforsythac@cbslocal.com
Stillmann,Ruggiero,sruggieroad@bbb.org
Sandy,Koba,skobaae@google.it
Erek,Christiensen,echristiensenaf@businesswire.com
Vladimir,Lockhart,vlockhartag@photobucket.com
Gawen,Hebbard,ghebbardah@cmu.edu
Gregorius,Leppard,gleppardai@live.com
Eugenio,Courtliff,ecourtliffaj@indiegogo.com
Jolee,Issitt,jissittak@wunderground.com
Joni,Purser,jpurseral@ifeng.com
Jarib,Szubert,jszubertam@google.pl
Morgan,Broadbear,mbroadbearan@blinklist.com
Shirl,Yurov,syurovao@auda.org.au
Becka,Emilien,bemilienap@i2i.jp
Effie,Pendleberry,ependleberryaq@theglobeandmail.com
Tabitha,Falla,tfallaar@tinypic.com
Linnell,Ogus,logusas@tumblr.com
Loria,Hendrickson,lhendricksonat@vk.com
Cairistiona,Gibby,cgibbyau@spotify.com
Simona,Josifovic,sjosifovicav@posterous.com
Early,Jacobowits,ejacobowitsaw@fotki.com
Delainey,Houlaghan,dhoulaghanax@ft.com
Gerick,Duprey,gdupreyay@wikipedia.org
Sonya,Lamplough,slamploughaz@cnbc.com
Leeann,Tiffany,ltiffanyb0@slashdot.org
Cherianne,Lockey,clockeyb1@gravatar.com
Amil,Bohje,abohjeb2@gizmodo.com
Shem,Jakov,sjakovb3@seattletimes.com
Grace,Warrior,gwarriorb4@bigcartel.com
Harwilll,Gauvin,hgauvinb5@fema.gov
Martin,Douty,mdoutyb6@ibm.com
Ellerey,Fonte,efonteb7@netscape.com
Christye,Chad,cchadb8@goo.ne.jp
Ellis,Furst,efurstb9@paypal.com
Aubree,Yesinin,ayesininba@ebay.com
Joela,Marchington,jmarchingtonbb@ustream.tv
Davidson,Espadater,despadaterbc@mtv.com
Dian,Duny,ddunybd@desdev.cn
Torry,Ganter,tganterbe@histats.com
Chelsea,Kleinhandler,ckleinhandlerbf@patch.com
Latia,Gillease,lgilleasebg@go.com
Chrystel,Doveston,cdovestonbh@elegantthemes.com
Theresita,Pashen,tpashenbi@privacy.gov.au
Jory,Pratty,jprattybj@buzzfeed.com
Jenni,Wein,jweinbk@ted.com
Aurelie,Segrott,asegrottbl@hud.gov
Philis,Skitch,pskitchbm@time.com
Amalita,Hewins,ahewinsbn@phoca.cz
Alexei,Gowthrop,agowthropbo@123-reg.co.uk
Galvan,Heakey,gheakeybp@simplemachines.org
Jarret,Piotr,jpiotrbq@economist.com
Cammie,Dullard,cdullardbr@histats.com
Sig,Lankham,slankhambs@unicef.org
Pavlov,Kippin,pkippinbt@nyu.edu
Dahlia,Hargreves,dhargrevesbu@elpais.com
Carline,Gatman,cgatmanbv@a8.net
Homer,Lynes,hlynesbw@vkontakte.ru
Rudyard,Lehrmann,rlehrmannbx@wisc.edu
Aubry,Staynes,astaynesby@wufoo.com
Mercy,Woodus,mwoodusbz@toplist.cz
Wood,Vitall,wvitallc0@auda.org.au
Brant,Brian,bbrianc1@google.de
Basile,Coultish,bcoultishc2@uiuc.edu
Alene,Zealander,azealanderc3@cyberchimps.com
Tanya,Spurritt,tspurrittc4@unc.edu
Shirlee,Woodington,swoodingtonc5@fotki.com
Pamella,Jagoe,pjagoec6@ucoz.com
Audrie,Truce,atrucec7@wordpress.com
Petra,Collier,pcollierc8@npr.org
Frayda,Creus,fcreusc9@last.fm
Darb,Newman,dnewmanca@i2i.jp
Celle,Hryskiewicz,chryskiewiczcb@google.co.uk
Devon,Bellson,dbellsoncc@prnewswire.com
Milton,Breffitt,mbreffittcd@hostgator.com
Eb,Ramalhete,eramalhetece@booking.com
Griselda,Houselee,ghouseleecf@nps.gov
Michelina,Coburn,mcoburncg@tinyurl.com
Fleming,Corbitt,fcorbittch@fastcompany.com
Viviana,Biscomb,vbiscombci@tiny.cc
Ericka,Gieves,egievescj@earthlink.net
Brynna,Hubbard,bhubbardck@pbs.org
Bendick,Blanchard,bblanchardcl@google.com.br
Alejoa,Kordova,akordovacm@zimbio.com
Fayette,De Filippo,fdefilippocn@patch.com
Thorstein,Ianniello,tiannielloco@webnode.com
Giffie,Laux,glauxcp@vinaora.com
Karee,Ege,kegecq@baidu.com
Johnna,Batham,jbathamcr@senate.gov
Susanna,Pigeram,spigeramcs@liveinternet.ru
Adrian,MacNeillie,amacneilliect@wisc.edu
Desmond,Kwiek,dkwiekcu@shutterfly.com
Yoshi,Flockhart,yflockhartcv@cdc.gov
Poul,Diable,pdiablecw@tumblr.com
Sarge,Middlewick,smiddlewickcx@statcounter.com
Elia,Queyos,equeyoscy@histats.com
Britteny,Verissimo,bverissimocz@economist.com
Cesare,Bosence,cbosenced0@reuters.com
Stephan,Anyene,sanyened1@cbc.ca
Lorrin,Ianilli,lianillid2@mysql.com
Lacie,Tremmel,ltremmeld3@scientificamerican.com
Josey,Spinas,jspinasd4@nytimes.com
Hirsch,Cordova,hcordovad5@indiatimes.com
Minor,Abeau,mabeaud6@bloglines.com
Valenka,Hainey,vhaineyd7@examiner.com
Lay,Wishkar,lwishkard8@zdnet.com
Carree,Fowle,cfowled9@mit.edu
Marty,Finlow,mfinlowda@exblog.jp
Barbie,Waiting,bwaitingdb@godaddy.com
Elly,Sinkinson,esinkinsondc@berkeley.edu
Brittaney,Petlyura,bpetlyuradd@etsy.com
Delila,Kleinholz,dkleinholzde@youtube.com
Aluino,Flageul,aflageuldf@dion.ne.jp
Wynny,Brookwood,wbrookwooddg@patch.com
Mureil,Learmouth,mlearmouthdh@mac.com
Estell,Iggalden,eiggaldendi@salon.com
Hyacinthia,Nunns,hnunnsdj@usda.gov
Avictor,Vasler,avaslerdk@smugmug.com
Burke,Mulford,bmulforddl@blinklist.com
Weylin,Smallpeice,wsmallpeicedm@gmpg.org
Tomaso,Brackpool,tbrackpooldn@soup.io
Reynard,Partridge,rpartridgedo@dailymotion.com
Pauli,McCartney,pmccartneydp@scientificamerican.com
Alric,Fellenor,afellenordq@about.me
Kristin,Yanyshev,kyanyshevdr@google.ca
Tyrus,Fodden,tfoddends@mtv.com
Allen,Fishby,afishbydt@weibo.com
Cesaro,Gouldthorp,cgouldthorpdu@senate.gov
Faulkner,Wickens,fwickensdv@house.gov
Homer,Paty,hpatydw@jugem.jp
Susette,Roussell,srousselldx@feedburner.com
Noby,Coveley,ncoveleydy@topsy.com
Tibold,Folbig,tfolbigdz@blog.com
Luise,Balfre,lbalfree0@hhs.gov
Pieter,Romney,promneye1@cbsnews.com
Jephthah,Philips,jphilipse2@xrea.com
Zelig,Livingston,zlivingstone3@123-reg.co.uk
Reuven,Birtchnell,rbirtchnelle4@friendfeed.com
Ozzie,Woolvett,owoolvette5@stanford.edu
Millie,Jaggli,mjagglie6@163.com
Patrizia,McIlheran,pmcilherane7@reference.com
Blake,Thickin,bthickine8@addthis.com
Clarice,Davis,cdavise9@sciencedaily.com
Jacinda,Downing,jdowningea@simplemachines.org
Joycelin,Jonczyk,jjonczykeb@gov.uk
Ulrica,Tomlinson,utomlinsonec@tiny.cc
Rowena,Tortis,rtortised@tripod.com
Alfonse,Ormes,aormesee@cdc.gov
Kira,Bendik,kbendikef@constantcontact.com
Madelin,Gallifont,mgallifonteg@marriott.com
Belva,Agett,bagetteh@bloomberg.com
Tilda,Mulkerrins,tmulkerrinsei@feedburner.com
El,Kennett,ekennettej@cmu.edu
Ramon,Potteridge,rpotteridgeek@google.it
Ginger,Cotillard,gcotillardel@ifeng.com
Alys,McPeice,amcpeiceem@noaa.gov
Dino,Tybalt,dtybalten@themeforest.net
Heidie,Gerrell,hgerrelleo@reuters.com
Lonee,Fantin,lfantinep@state.gov
Gilberta,Flowerden,gflowerdeneq@sciencedirect.com
Abie,Robion,arobioner@4shared.com
Beale,Painten,bpaintenes@reuters.com
Free,Olivo,folivoet@desdev.cn
Izaak,Gormley,igormleyeu@trellian.com
Barb,Dilley,bdilleyev@comcast.net
Cathie,Ehlerding,cehlerdingew@ucsd.edu
Abelard,Roony,aroonyex@forbes.com
Philipa,Haimes,phaimesey@unblog.fr
Rollin,Sykes,rsykesez@ted.com
Ninnette,Legon,nlegonf0@yolasite.com
Pincas,Livermore,plivermoref1@msn.com
Jacquetta,Tertre,jtertref2@google.nl
Barry,Fright,bfrightf3@adobe.com
Bennie,Chable,bchablef4@twitpic.com
Dinah,Nyles,dnylesf5@ocn.ne.jp
Jacques,Thow,jthowf6@google.com
Oona,Burthom,oburthomf7@berkeley.edu
Artemis,Tumulty,atumultyf8@histats.com
Cecilia,Rowlands,crowlandsf9@auda.org.au
Alexia,Rushworth,arushworthfa@earthlink.net
Mona,Wyldish,mwyldishfb@usgs.gov
Mara,Truse,mtrusefc@alibaba.com
Gwynne,Diss,gdissfd@live.com
Ashley,Fawloe,afawloefe@businessinsider.com
Dix,Caveill,dcaveillff@weather.com
Carena,Teideman,cteidemanfg@yahoo.co.jp
Pavia,Sirman,psirmanfh@360.cn
Ransell,Ogus,rogusfi@cornell.edu
Lem,Camillo,lcamillofj@msn.com
Nikki,Danielian,ndanielianfk@indiatimes.com
Ker,Stockman,kstockmanfl@state.gov
Blakelee,Higginbottam,bhigginbottamfm@cbsnews.com
Parry,Weond,pweondfn@ning.com
Ritchie,Meneyer,rmeneyerfo@dagondesign.com
Alicia,Hartopp,ahartoppfp@apple.com
Shell,Golsby,sgolsbyfq@wikimedia.org
Waite,Issit,wissitfr@timesonline.co.uk
Cobby,Cockitt,ccockittfs@over-blog.com
Keefe,Pinke,kpinkeft@tuttocitta.it
Teodorico,O' Dornan,todornanfu@google.ru
Stanislas,Hurcombe,shurcombefv@spotify.com
Zeb,Hefner,zhefnerfw@home.pl
Giacobo,Cossell,gcossellfx@technorati.com
Curr,Feaveryear,cfeaveryearfy@marketwatch.com
Salvatore,Macbane,smacbanefz@infoseek.co.jp
Marwin,Chatenet,mchatenetg0@aol.com
Ola,Elcoat,oelcoatg1@bandcamp.com
Karna,Dani,kdanig2@theglobeandmail.com
Helsa,Buncombe,hbuncombeg3@netvibes.com
Val,Tilling,vtillingg4@dailymail.co.uk
Immanuel,Armes,iarmesg5@merriam-webster.com
Shepherd,Gertz,sgertzg6@icq.com
Willow,Sandiford,wsandifordg7@google.com
Baxie,Beadnall,bbeadnallg8@ft.com
Berta,O' Markey,bomarkeyg9@shareasale.com
Pammy,Joyes,pjoyesga@engadget.com
Clara,Bridgen,cbridgengb@google.ru
Jessica,Toby,jtobygc@hibu.com
Roseanna,Landre,rlandregd@wikia.com
Carolynn,Jotham,cjothamge@webs.com
Dasi,Bennell,dbennellgf@networksolutions.com
Ring,Liddard,rliddardgg@seesaa.net
Taylor,Zapatero,tzapaterogh@ucsd.edu
Joel,Tommeo,jtommeogi@cocolog-nifty.com
Lilias,Munkley,lmunkleygj@amazon.co.jp
Pieter,Macrow,pmacrowgk@amazon.co.uk
Issi,Antonowicz,iantonowiczgl@apple.com
Warden,Scandrite,wscandritegm@example.com
Demetri,Storms,dstormsgn@ameblo.jp
Bendicty,Thoumasson,bthoumassongo@examiner.com
Beret,Wagerfield,bwagerfieldgp@privacy.gov.au
Aguste,Hargreave,ahargreavegq@reuters.com
Katrina,Aland,kalandgr@blinklist.com
Abagael,Falkinder,afalkindergs@smugmug.com
Humberto,Gwyneth,hgwynethgt@google.es
Tildy,Ilett,tilettgu@multiply.com
Yolande,Carvil,ycarvilgv@smh.com.au
Lacy,Maydwell,lmaydwellgw@rediff.com
Alisa,Hatterslay,ahatterslaygx@xing.com
Guthrie,Toor,gtoorgy@behance.net
Riki,Atty,rattygz@pagesperso-orange.fr
Anna,Cobbald,acobbaldh0@ftc.gov
Kailey,Josephson,kjosephsonh1@naver.com
Zolly,Moring,zmoringh2@boston.com
Eleonore,Blemings,eblemingsh3@goo.ne.jp
Anita,Djurkovic,adjurkovich4@constantcontact.com
Kingsley,Cadlock,kcadlockh5@youtu.be
Reg,Danilin,rdanilinh6@prlog.org
Nataline,Obey,nobeyh7@google.co.jp
Martyn,O'Donnelly,modonnellyh8@merriam-webster.com
Gray,Aubert,gauberth9@sbwire.com
Fredi,Keohane,fkeohaneha@japanpost.jp
Rodge,Aphale,raphalehb@flavors.me
Antony,Insley,ainsleyhc@bluehost.com
Pam,Duetsche,pduetschehd@hibu.com
Shell,Trank,strankhe@rakuten.co.jp
Leta,Beste,lbestehf@craigslist.org
Gayla,Spieck,gspieckhg@dagondesign.com
Ileane,Burgwyn,iburgwynhh@mlb.com
Danette,Kleinbaum,dkleinbaumhi@imdb.com
Opalina,Wapples,owappleshj@moonfruit.com
Colline,Tunder,ctunderhk@si.edu
Dorie,Vater,dvaterhl@miibeian.gov.cn
Bendix,Lorence,blorencehm@storify.com
Jamill,Matousek,jmatousekhn@gravatar.com
Mildrid,Geindre,mgeindreho@yahoo.com
James,Kill,jkillhp@tiny.cc
Valma,Mateev,vmateevhq@theatlantic.com
Lewie,Staig,lstaighr@cloudflare.com
Sarge,Greenfield,sgreenfieldhs@spotify.com
Tamarra,Hayhow,thayhowht@oakley.com
Casar,Briskey,cbriskeyhu@telegraph.co.uk
Alethea,Northcott,anorthcotthv@storify.com
Calvin,Baynom,cbaynomhw@xing.com
Keenan,Jendrassik,kjendrassikhx@123-reg.co.uk
Federica,Maciejak,fmaciejakhy@columbia.edu
Dionisio,Davidou,ddavidouhz@discuz.net
Devy,Barras,dbarrasi0@exblog.jp
Carlen,Percifer,cperciferi1@diigo.com
Marlo,Ingall,mingalli2@nba.com
Westbrook,Maulkin,wmaulkini3@hp.com
Ingaberg,Borrett,iborretti4@sciencedirect.com
Angel,Waumsley,awaumsleyi5@friendfeed.com
Kerby,Oherlihy,koherlihyi6@vimeo.com
Kathy,Calltone,kcalltonei7@umn.edu
Rawley,MacVay,rmacvayi8@mapquest.com
Carline,Puttergill,cputtergilli9@ning.com
Kellie,von Nassau,kvonnassauia@statcounter.com
Shawn,Boodell,sboodellib@sphinn.com
Lyndel,Lammertz,llammertzic@netvibes.com
Bennett,Kollaschek,bkollaschekid@unicef.org
Marielle,Risbrough,mrisbroughie@simplemachines.org
Biron,Robertacci,brobertacciif@artisteer.com
Ardra,Osgar,aosgarig@admin.ch
Georas,Sturt,gsturtih@nhs.uk
Grannie,Geydon,ggeydonii@bing.com
Joelynn,O' Kelleher,jokelleherij@cam.ac.uk
Barde,Chatenier,bchatenierik@tiny.cc
Hildagarde,Upsale,hupsaleil@ask.com
Selene,Smullin,ssmullinim@bing.com
Hi,Sives,hsivesin@google.nl
Sidonia,Robertson,srobertsonio@newyorker.com
Rianon,Rosenfelder,rrosenfelderip@economist.com
Raye,Worthing,rworthingiq@thetimes.co.uk
Jo ann,Maroney,jmaroneyir@indiatimes.com
Tony,Farguhar,tfarguharis@google.nl
Edvard,Torricina,etorricinait@cisco.com
Marje,Palethorpe,mpalethorpeiu@auda.org.au
Jannelle,Layburn,jlayburniv@wordpress.org
Cristian,Rochford,crochfordiw@networksolutions.com
Danyette,Dawdary,ddawdaryix@disqus.com
Lazar,Cleverley,lcleverleyiy@ed.gov
Shurlock,Pearcey,spearceyiz@github.io
Conrado,Balls,cballsj0@hatena.ne.jp
Joane,Clarkin,jclarkinj1@flickr.com
Lindi,MacAdie,lmacadiej2@addthis.com
Lenard,Burndred,lburndredj3@wp.com
Gayelord,Pummery,gpummeryj4@privacy.gov.au
Tuesday,Whiskerd,twhiskerdj5@who.int
Ashbey,Mellor,amellorj6@sfgate.com
Gaston,de Savery,gdesaveryj7@themeforest.net
Dorrie,Sedgeman,dsedgemanj8@goo.gl
Claudina,Janota,cjanotaj9@latimes.com
Randie,Given,rgivenja@noaa.gov
Gerard,Payton,gpaytonjb@tamu.edu
Demetri,Androli,dandrolijc@weebly.com
Karlik,Gladden,kgladdenjd@umn.edu
Shelby,Pickle,spickleje@last.fm
Jeralee,Bales,jbalesjf@printfriendly.com
Tabbitha,Geke,tgekejg@g.co
Kahaleel,Noriega,knoriegajh@dot.gov
Vitoria,Escofier,vescofierji@thetimes.co.uk
Reade,Huws,rhuwsjj@smh.com.au
Darrel,Wilkowski,dwilkowskijk@omniture.com
Xylia,Pennycook,xpennycookjl@fastcompany.com
Onida,Oakenfall,ooakenfalljm@cnn.com
Derby,Camies,dcamiesjn@webs.com
Shanan,Raund,sraundjo@ed.gov
Maxwell,Havers,mhaversjp@dmoz.org
Noreen,Gusney,ngusneyjq@sourceforge.net
Hasheem,Kennington,hkenningtonjr@blogtalkradio.com
Lilyan,Semper,lsemperjs@boston.com
Jarret,Cornuau,jcornuaujt@pinterest.com
Kriste,Duggon,kduggonju@163.com
Gertie,Stuckley,gstuckleyjv@narod.ru
Archibald,Splevings,asplevingsjw@seesaa.net
Koressa,Osant,kosantjx@pagesperso-orange.fr
Gipsy,Rudolf,grudolfjy@stumbleupon.com
Tracy,Oloshkin,toloshkinjz@elpais.com
Amabel,Sukbhans,asukbhansk0@si.edu
Collete,Quantrell,cquantrellk1@uiuc.edu
Alejandra,Benito,abenitok2@patch.com
Florri,Staining,fstainingk3@discuz.net
Elissa,Giveen,egiveenk4@adobe.com
Roger,Pannett,rpannettk5@nymag.com
Diarmid,Culter,dculterk6@spiegel.de
Ellynn,Haliburn,ehaliburnk7@tumblr.com
Alleyn,Jantzen,ajantzenk8@hexun.com
Edsel,Lendrem,elendremk9@drupal.org
Jack,Braun,jbraunka@a8.net
Mechelle,Zanicchi,mzanicchikb@ucoz.com
Nerta,Franceschielli,nfranceschiellikc@last.fm
Kathryne,Zannotti,kzannottikd@wunderground.com
Jarad,Whitten,jwhittenke@miibeian.gov.cn
Adara,Echalier,aechalierkf@techcrunch.com
Twila,Hairesnape,thairesnapekg@walmart.com
Sherlock,Shuttle,sshuttlekh@google.fr
Ezekiel,Clark,eclarkki@arizona.edu
Forester,Breton,fbretonkj@youku.com
Dorolisa,Hadland,dhadlandkk@illinois.edu
Beltran,Laurance,blaurancekl@dell.com
Teriann,Husthwaite,thusthwaitekm@constantcontact.com
Rudolfo,Daburn,rdaburnkn@umn.edu
Reena,Woolerton,rwoolertonko@hostgator.com
Gilberte,Dashwood,gdashwoodkp@xinhuanet.com
Lissy,Avraham,lavrahamkq@bbc.co.uk
Morley,Kaplan,mkaplankr@blogger.com
Linet,Stummeyer,lstummeyerks@google.com
Clemmie,Crowdson,ccrowdsonkt@yellowpages.com
Rebecka,Bealton,rbealtonku@livejournal.com
Giavani,Arnaudet,garnaudetkv@google.fr
Karoline,Lomansey,klomanseykw@umn.edu
Beatrisa,Sapshed,bsapshedkx@gmpg.org
Austin,Whyffen,awhyffenky@marriott.com
Riki,Timperley,rtimperleykz@google.es
Kirstyn,Chadderton,kchaddertonl0@craigslist.org
Reggi,Fintoph,rfintophl1@oaic.gov.au
Cleavland,Rodrigues,crodriguesl2@army.mil
Ted,Fuente,tfuentel3@about.com
Wallache,Froom,wfrooml4@harvard.edu
Annis,Scohier,ascohierl5@123-reg.co.uk
Mollee,Yakubovich,myakubovichl6@mtv.com
Clemmie,MacConnel,cmacconnell7@pinterest.com
Zabrina,Vondra,zvondral8@mac.com
Judy,Syplus,jsyplusl9@over-blog.com
Kathi,Stoakes,kstoakesla@blogs.com
Clywd,Boulden,cbouldenlb@acquirethisname.com
Rafe,Breitling,rbreitlinglc@newyorker.com
Evelyn,Gathercole,egathercoleld@usatoday.com
Nadia,Carlett,ncarlettle@marriott.com
Dore,Naldrett,dnaldrettlf@marriott.com
Merridie,Guile,mguilelg@ca.gov
Hewitt,Mournian,hmournianlh@scientificamerican.com
Thibaud,Mountcastle,tmountcastleli@wisc.edu
Trude,O'Kielt,tokieltlj@nature.com
Johnath,Renforth,jrenforthlk@yelp.com
Brenna,von Hagt,bvonhagtll@symantec.com
Cart,Bartholin,cbartholinlm@sohu.com
Bobbi,Emmot,bemmotln@list-manage.com
Devy,Gasquoine,dgasquoinelo@theguardian.com
Alida,Sparrowe,asparrowelp@cnet.com
Marya,Persich,mpersichlq@comsenz.com
Mina,Loftie,mloftielr@yahoo.co.jp
Nettie,Garwood,ngarwoodls@amazon.co.jp
Gates,Daleman,gdalemanlt@tripod.com
Cornela,Crangle,ccranglelu@google.cn
Dav,Horney,dhorneylv@typepad.com
Bevvy,Lelande,blelandelw@amazon.co.jp
Faith,Riddiough,friddioughlx@bluehost.com
Homere,Calderwood,hcalderwoodly@1und1.de
Waneta,McShee,wmcsheelz@seesaa.net
Catrina,Dimitriou,cdimitrioum0@is.gd
Lazare,Cullingworth,lcullingworthm1@deviantart.com
Deloris,McKissack,dmckissackm2@msu.edu
Farand,Henrot,fhenrotm3@tripod.com
Idalia,Bottlestone,ibottlestonem4@who.int
Vernice,Gatrell,vgatrellm5@howstuffworks.com
Paulette,Peto,ppetom6@wisc.edu
Brenna,Reynoldson,breynoldsonm7@ow.ly
Hamid,Wilkowski,hwilkowskim8@mozilla.org
Rosette,Duerden,rduerdenm9@nymag.com
Justus,Arden,jardenma@reference.com
Winnie,Rennard,wrennardmb@wunderground.com
Dot,Tendahl,dtendahlmc@google.com.br
Tammy,Raddenbury,traddenburymd@issuu.com
Wallie,Oaten,woatenme@apache.org
Barbey,Durdle,bdurdlemf@geocities.com
Evelyn,Motton,emottonmg@nytimes.com
Rutter,Trusslove,rtrusslovemh@upenn.edu
Floria,Frissell,ffrissellmi@xing.com
Elyssa,Zimmer,ezimmermj@npr.org
Ileana,McKeand,imckeandmk@tinypic.com
Livvie,Ambrosoli,lambrosoliml@cnet.com
Sonni,Leverson,sleversonmm@github.io
Boote,Elsop,belsopmn@theguardian.com
Abbi,Jori,ajorimo@wikispaces.com
Betteann,Milsom,bmilsommp@kickstarter.com
Kellyann,Peye,kpeyemq@discuz.net
Vivyan,Ryce,vrycemr@so-net.ne.jp
Jacinda,Hefforde,jheffordems@cbc.ca
Ethelind,Mourant,emourantmt@ifeng.com
Iosep,Corbitt,icorbittmu@netscape.com
Channa,Kettlestringes,ckettlestringesmv@omniture.com
Agosto,Messitt,amessittmw@comcast.net
Jaimie,Orriss,jorrissmx@amazon.co.uk
Willy,Glyssanne,wglyssannemy@utexas.edu
Konstantin,Goldsack,kgoldsackmz@merriam-webster.com
Grenville,Minci,gmincin0@goodreads.com
Friederike,Shedd,fsheddn1@xrea.com
Niven,Cicchitello,ncicchitellon2@istockphoto.com
Beilul,Vassman,bvassmann3@ted.com
Merrilee,Witnall,mwitnalln4@princeton.edu
Pauline,Demonge,pdemongen5@ocn.ne.jp
Randal,Resun,rresunn6@163.com
Viva,Rivard,vrivardn7@washington.edu
Sandra,Ridgeway,sridgewayn8@reverbnation.com
Nikkie,Crosetto,ncrosetton9@altervista.org
Chris,Masterson,cmastersonna@chronoengine.com
Jackie,Loft,jloftnb@salon.com
Fanya,Roelofs,froelofsnc@paypal.com
Chandler,Eckart,ceckartnd@nydailynews.com
Fallon,Lovstrom,flovstromne@answers.com
Errol,Elcox,eelcoxnf@lulu.com
Winnifred,Noah,wnoahng@ifeng.com
Godart,Navein,gnaveinnh@dailymotion.com
Juanita,Watkins,jwatkinsni@opensource.org
Petr,Stanbrooke,pstanbrookenj@geocities.jp
Charline,Hancill,chancillnk@xrea.com
Ida,Sygrove,isygrovenl@forbes.com
Radcliffe,Bratchell,rbratchellnm@craigslist.org
Salomone,Bailes,sbailesnn@fc2.com
Ludwig,Winchurst,lwinchurstno@wunderground.com
Zola,Seamark,zseamarknp@gravatar.com
Aindrea,Janus,ajanusnq@github.io
Tris,Parsisson,tparsissonnr@omniture.com
Oriana,Isenor,oisenorns@pagesperso-orange.fr
Pinchas,Crummey,pcrummeynt@shop-pro.jp
Corinna,Gregor,cgregornu@twitter.com
Linnie,Fransseni,lfransseninv@webmd.com
Stephie,Simondson,ssimondsonnw@jalbum.net
Judon,Stather,jstathernx@typepad.com
Der,Shinton,dshintonny@livejournal.com
Iorgo,Longshaw,ilongshawnz@reuters.com
Hollie,Slocombe,hslocombeo0@163.com
Emily,Barnsley,ebarnsleyo1@hostgator.com
Berni,Tullot,btulloto2@jalbum.net
Isac,Soars,isoarso3@weibo.com
Benedetto,Beslier,bbesliero4@usda.gov
Kermy,Isakovic,kisakovico5@reddit.com
Herc,Schwant,hschwanto6@meetup.com
Ibbie,Kitter,ikittero7@baidu.com
Eula,Beseke,ebesekeo8@bandcamp.com
Christiana,Prestige,cprestigeo9@wufoo.com
Meredith,Jurzyk,mjurzykoa@cnbc.com
Gretchen,Switsur,gswitsurob@cbc.ca
Corena,Garton,cgartonoc@go.com
Ali,Yurygyn,ayurygynod@prweb.com
Gerti,Syms,gsymsoe@walmart.com
Fredericka,McCourtie,fmccourtieof@w3.org
Cynthia,Hans,chansog@nsw.gov.au
Melly,Limerick,mlimerickoh@zdnet.com
Ramsey,Pury,rpuryoi@technorati.com
Maurie,Sames,msamesoj@nba.com
Ophelia,Blancowe,oblancoweok@reuters.com
Nevile,Wyatt,nwyattol@xinhuanet.com
Lucas,Berr,lberrom@cnet.com
Farr,Sollett,fsolletton@usnews.com
Samuele,Bayns,sbaynsoo@elegantthemes.com
Randell,Pawlik,rpawlikop@cdbaby.com
Amos,Lumsdaine,alumsdaineoq@opera.com
Killie,Dorken,kdorkenor@narod.ru
Sukey,Andreix,sandreixos@amazon.de
Mel,Vile,mvileot@over-blog.com
Galvan,Potapczuk,gpotapczukou@google.co.uk
Bee,Goor,bgoorov@weather.com
Con,Torrisi,ctorrisiow@wikipedia.org
Thurston,Schubart,tschubartox@theglobeandmail.com
Roseanne,Thorlby,rthorlbyoy@abc.net.au
Malena,Dunklee,mdunkleeoz@jigsy.com
Felizio,Tinkham,ftinkhamp0@stanford.edu
Clerc,Banker,cbankerp1@ihg.com
Therese,Yeabsley,tyeabsleyp2@gnu.org
Drugi,Smylie,dsmyliep3@woothemes.com
Perla,Mullett,pmullettp4@yolasite.com
Rosalyn,Casburn,rcasburnp5@slashdot.org
Lexy,Alsina,lalsinap6@exblog.jp
Gherardo,Tomasino,gtomasinop7@weibo.com
Blithe,Jolley,bjolleyp8@fastcompany.com
Hugo,Simonitto,hsimonittop9@people.com.cn
Aurel,Munkley,amunkleypa@ezinearticles.com
Ellynn,Kynaston,ekynastonpb@chronoengine.com
Bernie,Mulqueen,bmulqueenpc@google.it
Adrea,Manus,amanuspd@bloomberg.com
Katerine,Tapsfield,ktapsfieldpe@1688.com
Thorin,Treves,ttrevespf@goodreads.com
Roana,Mansion,rmansionpg@arizona.edu
Lynsey,Demanche,ldemancheph@reverbnation.com
Celinda,Behne,cbehnepi@discovery.com
Claudie,Croal,ccroalpj@imgur.com
Ernest,Greensall,egreensallpk@dyndns.org
Moshe,Gammade,mgammadepl@flickr.com
Stillmann,Muat,smuatpm@pagesperso-orange.fr
Clovis,Paulley,cpaulleypn@jugem.jp
Arvy,Blockwell,ablockwellpo@alexa.com
Hallsy,Vader,hvaderpp@ocn.ne.jp
Danny,Cleaves,dcleavespq@gizmodo.com
Travis,Everwin,teverwinpr@networksolutions.com
Don,Watson,dwatsonps@list-manage.com
Davy,Sarsons,dsarsonspt@oaic.gov.au
Zilvia,Ciepluch,zciepluchpu@ebay.com
Kalie,Arndtsen,karndtsenpv@hibu.com
Anastassia,Lalor,alalorpw@odnoklassniki.ru
Albert,Garvie,agarviepx@ustream.tv
Wiatt,Jerred,wjerredpy@prweb.com
Marla,Burnard,mburnardpz@oakley.com
Carmelle,Stollen,cstollenq0@ask.com
Alma,Borris,aborrisq1@opensource.org
Lyn,Letham,llethamq2@lulu.com
Jimmy,Skepper,jskepperq3@ftc.gov
Olympe,Avon,oavonq4@sun.com
Lurline,Peyzer,lpeyzerq5@unesco.org
Jaquelyn,Presidey,jpresideyq6@businessweek.com
Hillyer,Grishenkov,hgrishenkovq7@netlog.com
Garret,D'Avaux,gdavauxq8@nsw.gov.au
Tito,Wicklen,twicklenq9@sogou.com
Trula,Cavozzi,tcavozziqa@liveinternet.ru
Ashley,Klement,aklementqb@redcross.org
Gwenny,Mewha,gmewhaqc@msn.com
Ingrid,Giraudot,igiraudotqd@goo.ne.jp
Cyrill,Coale,ccoaleqe@ucoz.ru
Tracee,Roycroft,troycroftqf@timesonline.co.uk
Alexio,Knappitt,aknappittqg@youtu.be
Loleta,Kivits,lkivitsqh@fda.gov
Raynell,Lenin,rleninqi@webmd.com
Adi,Della,adellaqj@lycos.com
Travers,Grivori,tgrivoriqk@yellowpages.com
Marlee,Howton,mhowtonql@utexas.edu
Britte,Mea,bmeaqm@sitemeter.com
Blaine,Stollberger,bstollbergerqn@washingtonpost.com
Garrott,Woodley,gwoodleyqo@photobucket.com
Lorraine,Gutridge,lgutridgeqp@godaddy.com
Tobias,Boxen,tboxenqq@feedburner.com
Luce,D'Hooghe,ldhoogheqr@360.cn
Joana,Bearfoot,jbearfootqs@google.com.hk
Rhoda,Wadman,rwadmanqt@com.com
Locke,Heaviside,lheavisidequ@printfriendly.com
Edmon,Galiero,egalieroqv@deviantart.com
Adelheid,Nuscha,anuschaqw@cnbc.com
Lorette,Feldmesser,lfeldmesserqx@usnews.com
Donall,Doale,ddoaleqy@phpbb.com
Roana,Shinefield,rshinefieldqz@timesonline.co.uk
Curt,Bruin,cbruinr0@tripod.com
Otis,McLae,omclaer1@businesswire.com
Trescha,Tarpey,ttarpeyr2@telegraph.co.uk
Abelard,Gorringe,agorringer3@si.edu
Robina,MacQuarrie,rmacquarrier4@1und1.de
Alix,Lowthian,alowthianr5@smh.com.au
Kimbra,Ferras,kferrasr6@jiathis.com
Cyndi,Ruilton,cruiltonr7@friendfeed.com
Mark,Pickaver,mpickaverr8@ibm.com
Costa,Blaxland,cblaxlandr9@ustream.tv
Benedict,Stobbart,bstobbartra@icq.com
Ronny,Wittier,rwittierrb@go.com
Hernando,Measures,hmeasuresrc@github.com
Dulciana,Pond,dpondrd@hostgator.com
Delia,Woodyeare,dwoodyearere@cnn.com
Lorry,Lutman,llutmanrf@unc.edu
Breanne,Prugel,bprugelrg@sciencedaily.com
Staffard,Wolfinger,swolfingerrh@domainmarket.com
Llywellyn,Colbourne,lcolbourneri@timesonline.co.uk
Chad,Muat,cmuatrj@geocities.jp
Forrester,Standingford,fstandingfordrk@ucoz.com
Damaris,Mullins,dmullinsrl@irs.gov
Karilynn,Duggary,kduggaryrm@so-net.ne.jp
Kacey,Tewkesberry,ktewkesberryrn@chicagotribune.com
Dwayne,Dumpleton,ddumpletonro@abc.net.au
Madlin,Pickersail,mpickersailrp@nasa.gov
Ranice,Bewicke,rbewickerq@reverbnation.com
Janeczka,Lambrick,jlambrickrr@sakura.ne.jp
